<revhistory xmlns="http://docbook.org/ns/docbook" xmlns:xlink="http://www.w3.org/1999/xlink" xmlns:xi="http://www.w3.org/2001/XInclude" version="5.0" xml:lang="hu">
    <revision>
        <revnumber>0.0.1</revnumber>
        <date>2019-02-12</date>
        <authorinitials>nbatfai</authorinitials>
        <revremark>
            Az iniciális dokumentum szerkezetének kialakítása.
        </revremark>
    </revision>
    <revision>
        <revnumber>0.0.2</revnumber>
        <date>2019-02-14</date>
        <authorinitials>nbatfai</authorinitials>
        <revremark>
            Inciális feladatlisták összeállítása.
        </revremark>
    </revision>    
    <revision>
        <revnumber>0.0.3</revnumber>
        <date>2019-02-16</date>
        <authorinitials>nbatfai</authorinitials>
        <revremark>
            Feladatlisták folytatása.
            Feltöltés a BHAX csatorna 
            <link xlink:href="https://gitlab.com/nbatfai/bhax">https://gitlab.com/nbatfai/bhax</link>
            repójába.
        </revremark>
    </revision>
    <revision>
        <revnumber>0.0.4</revnumber>
        <date>2019-02-19</date>
        <authorinitials>nbatfai</authorinitials>
        <revremark>
            Aktualizálás, javítások.
        </revremark>
    </revision>
    <revision>
        <revnumber>0.1</revnumber>
        <date>2019-03-03</date>
        <authorinitials>sidragosam</authorinitials>
        <revremark>
            Helló, Turing
        </revremark>
    </revision>
    <revision>
        <revnumber>0.2</revnumber>
        <date>2019-03-10</date>
        <authorinitials>sidragosam</authorinitials>
        <revremark>
            Helló, Chomsky
        </revremark>
    </revision>
    <revision>
        <revnumber>0.3</revnumber>
        <date>2019-03-16</date>
        <authorinitials>sidragosam</authorinitials>
        <revremark>
            Helló, Caesar
        </revremark>
    </revision>
    <revision>
        <revnumber>0.4</revnumber>
        <date>2019-03-27</date>
        <authorinitials>sidragosam</authorinitials>
        <revremark>
            Helló, Mandelbrot
        </revremark>
    </revision>
    <revision>
        <revnumber>0.5</revnumber>
        <date>2019-04-04</date>
        <authorinitials>sidragosam</authorinitials>
        <revremark>
            Helló, Welch!
        </revremark>
    </revision>
    <revision>
        <revnumber>0.6</revnumber>
        <date>2019-04-13</date>
        <authorinitials>sidragosam</authorinitials>
        <revremark>
            Helló, Conway, Helló, Gutenberg
        </revremark>
    </revision>
    <revision>
        <revnumber>0.7</revnumber>
        <date>2019-04-22</date>
        <authorinitials>sidragosam</authorinitials>
        <revremark>
            Helló, Schwarzenegger, Helló, Chaitin
        </revremark>
    </revision>
    <revision>
        <revnumber>0.8</revnumber>
        <date>2019-05-01</date>
        <authorinitials>sidragosam</authorinitials>
        <revremark>
            Simítások, javítgatások, ellenőrzések
        </revremark>
    </revision>
    <revision>
        <revnumber>1.0</revnumber>
        <date>2019-05-06</date>
        <authorinitials>sidragosam</authorinitials>
        <revremark>
            Véglegesítés az 1.0-ás verzióra
        </revremark>
    </revision>
    <revision>
        <revnumber>1.1</revnumber>
        <date>2019-05-07</date>
        <authorinitials>sidragosam</authorinitials>
        <revremark>
            Hiányosságok pótlása.
        </revremark>
    </revision>
</revhistory>
