<chapter xmlns="http://docbook.org/ns/docbook" xmlns:xlink="http://www.w3.org/1999/xlink" xmlns:xi="http://www.w3.org/2001/XInclude" version="5.0" xml:lang="hu">
    <info>
        <title>Helló, Chaitin!</title>
        <keywordset>
            <keyword/>
        </keywordset>
    </info>
    <section>
        <title>Iteratív és rekurzív faktoriális Lisp-ben</title>
        <para>
                
        </para>
        <para>
            Megoldás videó:
        </para>
        <para>
            Megoldás forrása:                
        </para>
	<para>
		A LISP nyelvet leginkább a GIMP hekkeléséhez fogjuk használni. A GIMP egy képszerkesztő program, gyakorlatilag olyan, mint a Photoshopp, csak egyszerűbb, felhasználóbarátabb és kicsikét talán gyengébb is, de nem ez a lényeg, hane az, hogy a GIMP-en belül úgy nevezett Script-fu-kat tudunk majd használni, amelyekkel a nevéből adódóan is Scripteket adhatunk hozzá a GIMP-hez. Mivel én viszonylag gyakran használtam és használom a GIMP-et így tudom, hogy a Szűrők menüpont alatt található meg a Script-fu, egyből a Python-fu alatt. Itt egy Konzolt kapunk amibe írhatjuk az utasításainkat. A faktoriális, nem egy ismeretlen kifejezés, a matematikában találkozhattunk vele. Egy szám faktoriálisa például: 5! = 5*4*3*2*1, tehát elmondhatjuk, hogy n! = n*(n-1)*(n-2)*(n-3)*...*1. Lispben a faktoriális kiszámítása a következőképpen néz ki iteratív módon:
	</para>
	<programlisting><![CDATA[(define (fakt n)
    (if (= 0 n) 
                (set! n 1)
    )
    (let loop ((variable (- n 1)))
        (if (> variable 1)                               
            (begin
                (set! n (* n variable))
                (loop (- variable 1) )
            )
        )
    )
    n
)]]></programlisting>
	<para>
		Defináljuk a fakt nevű függvényt, aminek "n" az első paraméterje. Az első if-ben megmondjuk, hogy ha az "n" értéke 0, akkor a faktoriális értéke legyen 1, ugyanis 0! = 1. A következő sorban megadunk egy változót, aminek az értéke majd az "n" értéke és az 1 különbsége lesz. Ha az így kapott érték nagyobb, mint 1 akkor az "n" értékét megszorozzuk a változónk értékével, végül majd a ciklusváltozó értékét csökkentjük 1-el, így fogjuk megkapni a legvégén álló "n"-t, vagyis a végeredményt. Nézzük a rekurzív megoldást:
	</para>
	<programlisting><![CDATA[(define (fakt n)
    (
    if (< n 1) 
         1 
    (* n (fakt (- n 1))) ;else ag
    )
)]]></programlisting>
	<para>
		Itt is először defináljuk az egy paraméteres fakt nevű függvényünket. A rekurzív megoldásban ciklus nélkül oldjuk meg a faktoriális "problémáját". A probléma lényegében itt annyi lenne, hogy egyszer fut csak le a függvényünk, de láthatjuk, hogy ezt megoldottuk azon módon, hogy visszahivatkoztunk az eredeti függvényre. Tehát ha a bejövő "n" paraméter értéke kisebb, mint 1 akkor 1-et ad végeredményül, de ha nem akkor pedig önmagát fogja meghívni.
	</para>

    </section>          

    <section>
        <title>Gimp Scheme Script-fu: króm effekt</title>
        <para>
            Írj olyan script-fu kiterjesztést a GIMP programhoz, amely megvalósítja a króm effektet egy 
            bemenő szövegre!
        </para>
        <para>
            Megoldás videó: <link xlink:href="https://youtu.be/OKdAkI_c7Sc">https://youtu.be/OKdAkI_c7Sc</link>      
        </para>
        <para>
            Megoldás forrása: <link xlink:href="https://gitlab.com/nbatfai/bhax/tree/master/attention_raising/GIMP_Lisp/Chrome">https://gitlab.com/nbatfai/bhax/tree/master/attention_raising/GIMP_Lisp/Chrome</link>               
        </para>
        <para>
		A Króm Effekt egy GIMP-en belüli Script-fu-val elérhető. Egy általunk előre megadott szövegre kell rárakni a Króm Effektet úgy, hogy Script-Fu-t használunk.
        </para>    
	<programlisting><![CDATA[(; bhax_chrome3.scm
;
; BHAX-Chrome creates a chrome effect on a given text.
; Copyright (C) 2019  
; Norbert Bátfai, batfai.norbert@inf.unideb.hu
; Nándor Bátfai, batfai.nandi@gmail.com
;
;    This program is free software: you can redistribute it and/or modify
;    it under the terms of the GNU General Public License as published by
;    the Free Software Foundation, either version 3 of the License, or
;    (at your option) any later version.
;
;    This program is distributed in the hope that it will be useful,
;    but WITHOUT ANY WARRANTY; without even the implied warranty of
;    MERCHANTABILITY or FITNESS FOR A PARTICULAR PURPOSE.  See the
;    GNU General Public License for more details.
;
;    You should have received a copy of the GNU General Public License
;    along with this program.  If not, see <https://www.gnu.org/licenses/>.
;
; Version history
;
;  This Scheme code is partially based on the Gimp tutorial 
;  http://penguinpetes.com/b2evo/index.php?p=351 
;  (the interactive steps of this tutorial are written in Scheme)
;
;  https://bhaxor.blog.hu/2019/01/10/a_gimp_lisp_hackelese_a_scheme_programozasi_nyelv
; 

(define (color-curve)
    (let* (
        (tomb (cons-array 8 'byte))
    )
        (aset tomb 0 0)
        (aset tomb 1 0)
        (aset tomb 2 50)
        (aset tomb 3 190)
        (aset tomb 4 110)
        (aset tomb 5 20)
        (aset tomb 6 200)
        (aset tomb 7 190)
    tomb)    
)

;(color-curve)

(define (elem x lista)

    (if (= x 1) (car lista) (elem (- x 1) ( cdr lista ) ) )

)

(define (text-wh text font fontsize)
(let*
    (
        (text-width 1)
        (text-height 1)
    )
 
    (set! text-width (car (gimp-text-get-extents-fontname text fontsize PIXELS font)))    
    (set! text-height (elem 2  (gimp-text-get-extents-fontname text fontsize PIXELS font)))    
    
    (list text-width text-height)
    )
)

;(text-width "alma" "Sans" 100)

(define (script-fu-bhax-chrome text font fontsize width height color gradient)
(let*
    (
        (image (car (gimp-image-new width height 0)))
        (layer (car (gimp-layer-new image width height RGB-IMAGE "bg" 100 LAYER-MODE-NORMAL-LEGACY)))
        (textfs)
        (text-width (car (text-wh text font fontsize)))
        (text-height (elem 2 (text-wh text font fontsize)))
        (layer2)        
    )
    
    ;step 1
    (gimp-image-insert-layer image layer 0 0)
    (gimp-context-set-foreground '(0 0 0))
    (gimp-drawable-fill layer  FILL-FOREGROUND )
    (gimp-context-set-foreground '(255 255 255))
   
    (set! textfs (car (gimp-text-layer-new image text font fontsize PIXELS)))
    (gimp-image-insert-layer image textfs 0 0)   
    (gimp-layer-set-offsets textfs (- (/ width 2) (/ text-width 2)) (- (/ height 2) (/ text-height 2)))
   
    (set! layer (car(gimp-image-merge-down image textfs CLIP-TO-BOTTOM-LAYER)))
   
    ;step 2   
    (plug-in-gauss-iir RUN-INTERACTIVE image layer 15 TRUE TRUE)
   
    ;step 3
    (gimp-drawable-levels layer HISTOGRAM-VALUE .11 .42 TRUE 1 0 1 TRUE)
   
    ;step 4   
    (plug-in-gauss-iir RUN-INTERACTIVE image layer 2 TRUE TRUE)

    ;step 5    
    (gimp-image-select-color image CHANNEL-OP-REPLACE layer '(0 0 0))
    (gimp-selection-invert image)

    ;step 6        
    (set! layer2 (car (gimp-layer-new image width height RGB-IMAGE "2" 100 LAYER-MODE-NORMAL-LEGACY)))
    (gimp-image-insert-layer image layer2 0 0)

    ;step 7        
	(gimp-context-set-gradient gradient) 
	(gimp-edit-blend layer2 BLEND-CUSTOM LAYER-MODE-NORMAL-LEGACY GRADIENT-LINEAR 100 0 REPEAT-NONE 
        FALSE TRUE 5 .1 TRUE width (/ height 3) width  (- height (/ height 3)))
    
    ;step 8        
    (plug-in-bump-map RUN-NONINTERACTIVE image layer2 layer 120 25 7 5 5 0 0 TRUE FALSE 2)
   
    ;step 9       
    (gimp-curves-spline layer2 HISTOGRAM-VALUE 8 (color-curve))
      
    (gimp-display-new image)
    (gimp-image-clean-all image)
    )
)

;(script-fu-bhax-chrome "Bátf41 Haxor" "Sans" 120 1000 1000 '(255 0 0) "Crown molding")

(script-fu-register "script-fu-bhax-chrome"
    "Chrome3"
    "Creates a chrome effect on a given text."
    "Norbert Bátfai"
    "Copyright 2019, Norbert Bátfai"
    "January 19, 2019"
    ""
    SF-STRING       "Text"      "Bátf41 Haxor"
    SF-FONT         "Font"      "Sans"
    SF-ADJUSTMENT   "Font size" '(100 1 1000 1 10 0 1)
    SF-VALUE        "Width"     "1000"
    SF-VALUE        "Height"    "1000"
    SF-COLOR        "Color"     '(255 0 0)
    SF-GRADIENT     "Gradient"  "Crown molding"    
)
(script-fu-menu-register "script-fu-bhax-chrome" 
    "<Image>/File/Create/BHAX"
)]]></programlisting>
	<para>
		A Króm effektet hekkelgethetjük különféle módokban. Néhány fő argumensre van szükségünk ahhoz, hogy el tudjuk készíteni a krómozott effektünket. Az alapértelmezett argumens értékek az alsó pár sorban láthatóak. Először is a STRING, az maga lesz a szöveg, amit ki írjon nekünk a program, a FONT az egyértelműen a betűtípus, az ADJUSTMENT, az a betű nagysága, az ezután következő értékek a szélesség és a magasság, a COLOR az az effekt színe, végül pedig a GRADIENT, az a csillogás típusa.
	</para>
	<mediaobject>
		<imageobject condition="print"><imagedata fileref="./Hello_chaitin/skylinechrome.png" format="png"/></imageobject>	
	</mediaobject>   
	<mediaobject>
		<imageobject condition="print"><imagedata fileref="./Hello_chaitin/skylinechrome2.png" format="png"/></imageobject>	
	</mediaobject>   
    </section>        

    <section>
        <title>Gimp Scheme Script-fu: név mandala</title>
        <para>
            Írj olyan script-fu kiterjesztést a GIMP programhoz, amely név-mandalát készít a
            bemenő szövegből!               
        </para>
        <para>
            Megoldás videó: <link xlink:href="https://bhaxor.blog.hu/2019/01/10/a_gimp_lisp_hackelese_a_scheme_programozasi_nyelv">https://bhaxor.blog.hu/2019/01/10/a_gimp_lisp_hackelese_a_scheme_programozasi_nyelv</link>      
        </para>
        <para>
            Megoldás forrása: <link xlink:href="https://gitlab.com/nbatfai/bhax/tree/master/attention_raising/GIMP_Lisp/Mandala">https://gitlab.com/nbatfai/bhax/tree/master/attention_raising/GIMP_Lisp/Mandala</link>               
        </para>
        <para>
		A Mandala egy olyan alakzat, amit szavak forgatásával állíthatunk elő. Engem személy szerint a Mandala szó a Mantra szóra emlékeztet, ami pedig vallásban a buddhizmushoz köthető meditációval kapcsolatos terminus. Véleményem szerint a Mandala végső alakja is igazán hasonlít a Buddha vallásban megtalálható motívumokhoz.
        </para>            
	<programlisting><![CDATA[; bhax_mandala9.scm
;
; BHAX-Mandala creates a mandala from a text box.
; Copyright (C) 2019  Norbert Bátfai, batfai.norbert@inf.unideb.hu
;
;    This program is free software: you can redistribute it and/or modify
;    it under the terms of the GNU General Public License as published by
;    the Free Software Foundation, either version 3 of the License, or
;    (at your option) any later version.
;
;    This program is distributed in the hope that it will be useful,
;    but WITHOUT ANY WARRANTY; without even the implied warranty of
;    MERCHANTABILITY or FITNESS FOR A PARTICULAR PURPOSE.  See the
;    GNU General Public License for more details.
;
;    You should have received a copy of the GNU General Public License
;    along with this program.  If not, see <https://www.gnu.org/licenses/>.
;
; Version history
;
;  This Scheme code is partially based on the Python code 
;  Pat625_Mandala_With_Your_Name.py by Tin Tran, which is released under the GNU GPL v3, see 
;  https://gimplearn.net/viewtopic.php/Pat625-Mandala-With-Your-Name-Script-for-GIMP?t=269&p=976
;
;  https://bhaxor.blog.hu/2019/01/10/a_gimp_lisp_hackelese_a_scheme_programozasi_nyelv
; 

(define (elem x lista)

    (if (= x 1) (car lista) (elem (- x 1) ( cdr lista ) ) )

)

(define (text-width text font fontsize)
(let*
    (
        (text-width 1)
    )
    (set! text-width (car (gimp-text-get-extents-fontname text fontsize PIXELS font)))    

    text-width
    )
)

(define (text-wh text font fontsize)
(let*
    (
        (text-width 1)
        (text-height 1)
    )
    ;;;
    (set! text-width (car (gimp-text-get-extents-fontname text fontsize PIXELS font)))    
    ;;; ved ki a lista 2. elemét
    (set! text-height (elem 2  (gimp-text-get-extents-fontname text fontsize PIXELS font)))    
    ;;;    
    
    (list text-width text-height)
    )
)


;(text-width "alma" "Sans" 100)

(define (script-fu-bhax-mandala text text2 font fontsize width height color gradient)
(let*
    (
        (image (car (gimp-image-new width height 0)))
        (layer (car (gimp-layer-new image width height RGB-IMAGE "bg" 100 LAYER-MODE-NORMAL-LEGACY)))
        (textfs)
        (text-layer)
        (text-width (text-width text font fontsize))
        ;;;
        (text2-width (car (text-wh text2 font fontsize)))
        (text2-height (elem 2 (text-wh text2 font fontsize)))
        ;;;
        (textfs-width)
        (textfs-height)
        (gradient-layer)
    )

    (gimp-image-insert-layer image layer 0 0)

    (gimp-context-set-foreground '(0 255 0))
    (gimp-drawable-fill layer FILL-FOREGROUND)
    (gimp-image-undo-disable image) 

    (gimp-context-set-foreground color)

    (set! textfs (car (gimp-text-layer-new image text font fontsize PIXELS)))
    (gimp-image-insert-layer image textfs 0 -1)
    (gimp-layer-set-offsets textfs (- (/ width 2) (/ text-width 2))  (/ height 2))
    (gimp-layer-resize-to-image-size textfs)

    (set! text-layer (car (gimp-layer-new-from-drawable textfs image)))
    (gimp-image-insert-layer image text-layer 0 -1)
    (gimp-item-transform-rotate-simple text-layer ROTATE-180 TRUE 0 0)
    (set! textfs (car(gimp-image-merge-down image text-layer CLIP-TO-BOTTOM-LAYER)))

    (set! text-layer (car (gimp-layer-new-from-drawable textfs image)))
    (gimp-image-insert-layer image text-layer 0 -1)
    (gimp-item-transform-rotate text-layer (/ *pi* 2) TRUE 0 0)
    (set! textfs (car(gimp-image-merge-down image text-layer CLIP-TO-BOTTOM-LAYER)))

    (set! text-layer (car (gimp-layer-new-from-drawable textfs image)))
    (gimp-image-insert-layer image text-layer 0 -1)
    (gimp-item-transform-rotate text-layer (/ *pi* 4) TRUE 0 0)
    (set! textfs (car(gimp-image-merge-down image text-layer CLIP-TO-BOTTOM-LAYER)))
    
    (set! text-layer (car (gimp-layer-new-from-drawable textfs image)))
    (gimp-image-insert-layer image text-layer 0 -1)
    (gimp-item-transform-rotate text-layer (/ *pi* 6) TRUE 0 0)
    (set! textfs (car(gimp-image-merge-down image text-layer CLIP-TO-BOTTOM-LAYER)))    
    
    (plug-in-autocrop-layer RUN-NONINTERACTIVE image textfs)
    (set! textfs-width (+ (car(gimp-drawable-width textfs)) 100))
    (set! textfs-height (+ (car(gimp-drawable-height textfs)) 100))
        
	(gimp-layer-resize-to-image-size textfs)
    
    (gimp-image-select-ellipse image CHANNEL-OP-REPLACE (- (- (/ width 2) (/ textfs-width 2)) 18) 
        (- (- (/ height 2) (/ textfs-height 2)) 18) (+ textfs-width 36) (+ textfs-height 36))
	(plug-in-sel2path RUN-NONINTERACTIVE image textfs)
        
    (gimp-context-set-brush-size 22)
    (gimp-edit-stroke textfs)
    
    (set! textfs-width (- textfs-width 70))
    (set! textfs-height (- textfs-height 70))
    
    (gimp-image-select-ellipse image CHANNEL-OP-REPLACE (- (- (/ width 2) (/ textfs-width 2)) 18) 
        (- (- (/ height 2) (/ textfs-height 2)) 18) (+ textfs-width 36) (+ textfs-height 36))
	(plug-in-sel2path RUN-NONINTERACTIVE image textfs)
        
    (gimp-context-set-brush-size 8)
    (gimp-edit-stroke textfs)
        
    (set! gradient-layer (car (gimp-layer-new image width height RGB-IMAGE "gradient" 100 LAYER-MODE-NORMAL-LEGACY)))
    
    (gimp-image-insert-layer image gradient-layer 0 -1)
	(gimp-image-select-item image CHANNEL-OP-REPLACE textfs)
	(gimp-context-set-gradient gradient) 
	(gimp-edit-blend gradient-layer BLEND-CUSTOM LAYER-MODE-NORMAL-LEGACY GRADIENT-RADIAL 100 0 
	REPEAT-TRIANGULAR FALSE TRUE 5 .1 TRUE (/ width 2) (/ height 2) (+ (+ (/ width 2) (/ textfs-width 2)) 8) (/ height 2))
	
	(plug-in-sel2path RUN-NONINTERACTIVE image textfs)

    (set! textfs (car (gimp-text-layer-new image text2 font fontsize PIXELS)))
    (gimp-image-insert-layer image textfs 0 -1)
    (gimp-message (number->string text2-height))
    (gimp-layer-set-offsets textfs (- (/ width 2) (/ text2-width 2)) (- (/ height 2) (/ text2-height 2)))
		
    ;(gimp-selection-none image)
    ;(gimp-image-flatten image)
    
    (gimp-display-new image)
    (gimp-image-clean-all image)
    )
)

;(script-fu-bhax-mandala "Bátfai Norbert" "BHAX" "Ruge Boogie" 120 1920 1080 '(255 0 0) "Shadows 3")

(script-fu-register "script-fu-bhax-mandala"
    "Mandala9"
    "Creates a mandala from a text box."
    "Norbert Bátfai"
    "Copyright 2019, Norbert Bátfai"
    "January 9, 2019"
    ""
    SF-STRING       "Text"      "Bátf41 Haxor"
    SF-STRING       "Text2"     "BHAX"
    SF-FONT         "Font"      "Sans"
    SF-ADJUSTMENT   "Font size" '(100 1 1000 1 10 0 1)
    SF-VALUE        "Width"     "1000"
    SF-VALUE        "Height"    "1000"
    SF-COLOR        "Color"     '(255 0 0)
    SF-GRADIENT     "Gradient"  "Deep Sea"
)
(script-fu-menu-register "script-fu-bhax-mandala" 
    "<Image>/File/Create/BHAX"
)]]></programlisting>
	<para>
		Ebben a feladatban is a mandala elkészítéséhez különféle argumenseket kell használnunk, de ez szinte semmiben sem változik az előző feladatban megismert argumensektől. Tehát itt is lesz egy STRING-ünk, ami az első szöveg lesz, annyi a változás, hogy itt lesz egy második STRING-ünk is. A FONT az egyértelműen a betűtípus, az ADJUSTMENT, az a betű nagysága, az ezután következő értékek a szélesség és a magasság, a COLOR az az effekt színe, végül pedig a GRADIENT, az a csillogás típusa.
	</para>
	<para>
		Utólag gondoltam Google-ban rákeresek a Mandala szóra és a Wikipédián azt találtam, hogy valóban a buddhista valláshoz köthető, hiszen a mandala a kozmosz, valamint a különféle istenek ábrázolása, így nem volt tulságosan messze az elképzelésem ettől az egésztől.
	</para>
	<mediaobject>
		<imageobject condition="print"><imagedata fileref="./Hello_chaitin/skylinemandala.png" format="png"/></imageobject>	
	</mediaobject>   
	<mediaobject>
		<imageobject condition="print"><imagedata fileref="./Hello_chaitin/skylinemandala2.png" format="png"/></imageobject>	
	</mediaobject>   
    </section>             
                                                                                                                                                                                                                                                                                                                                                                                                                                                                                                                                                                                                                                                                                                                                                                                                                                                                                                                                                                                                                                                                                                                                                                                                                                                                                                                                                                                                                                                                                                                                                                                                                                                                                                                                                                                                                                                                                                                                                                                                                                                                                                                                                                                                                                                                                                                                                                                                                                                                                                                                                                                                                                                                                                                                                                                                                                                                                                                                                                                                                                                                                                                                                                                                                                                                                                                                                                                                                                                                                                                                                                                                                                                                                                                                                                                                                                                                                                                                                                                                                                                                                                                                                                                                                                                                                                                                                                                                                                                                                                                                                                                                                                                                                                                                                                                                                                                                                                                                                                                                                                                                                                                                                                                                                                                                                                                                                                                                                                                                                                                                                                                                                                                                                                                                                                                                                                                                                                                                                                                                                                                                                                                                                                                                                                                                                                                                                                                                                          
</chapter>                
